{
  "project_info": {
    "project_number": "973138220504",
    "firebase_url": "https://duan2huynh2-9eb97.firebaseio.com",
    "project_id": "duan2huynh2-9eb97",
    "storage_bucket": "duan2huynh2-9eb97.appspot.com"
  },
  "client": [
    {
      "client_info": {
        "mobilesdk_app_id": "1:973138220504:android:043f71f1bee2f2ef",
        "android_client_info": {
          "package_name": "com.example.hiiii.duan2huynh2"
        }
      },
      "oauth_client": [
        {
          "client_id": "973138220504-gg327n0m199gl88l6s9d2cujc61ogcn5.apps.googleusercontent.com",
          "client_type": 1,
          "android_info": {
            "package_name": "com.example.hiiii.duan2huynh2",
            "certificate_hash": "6fcfe5a5ab84a06376f7e719ebede834aac0bcc7"
          }
        },
        {
          "client_id": "973138220504-r3ir622gn3ee760ek2nccj822scb00r3.apps.googleusercontent.com",
          "client_type": 3
        }
      ],
      "api_key": [
        {
          "current_key": "AIzaSyB_X9e-Z5k7IAcNW39YWNayLW2UmyKIerk"
        }
      ],
      "services": {
        "analytics_service": {
          "status": 1
        },
        "appinvite_service": {
          "status": 2,
          "other_platform_oauth_client": [
            {
              "client_id": "973138220504-r3ir622gn3ee760ek2nccj822scb00r3.apps.googleusercontent.com",
              "client_type": 3
            }
          ]
        },
        "ads_service": {
          "status": 2
        }
      }
    }
  ],
  "configuration_version": "1"
}